Keyword,Difficulty,"Search vol.","Search intent","SERP features",Relevance,CPC,Competition
"reseller iptv",6,50,"I, N","Video, Copyright infringement, AI Overview",,0,0
"wholesale iptv providers",5,10,"I, N","Reviews, Video, Copyright infringement, AI Overview, Related searches",30,0,0
"wholesale iptv",5,20,"I, N","Reviews, Video, Copyright infringement, AI Overview, Related searches",29,0,0
"video streaming reseller",5,10,"I, N","Video, People also ask, Copyright infringement, AI Overview, Related searches",12,0,0
"uk iptv reseller",5,170,"I, N","Video, Copyright infringement, AI Overview, Related searches",27,0,0
"tv reseller",9,10,"I, N","Reviews, Video, Copyright infringement, AI Overview",24,0,0.5
"reselling iptv",12,50,"I, N","Video, Copyright infringement, AI Overview, Related searches",39,0,0
"resellers iptv",6,50,"I, N","Video, Copyright infringement, AI Overview, Related searches",56,0,0
"reseller panels",13,90,"I, N","Reviews, Sitelinks, Video, People also ask, Copyright infringement, Related searches",25,1.31,0.12
"reseller panel iptv",7,260,"I, N","Video, Copyright infringement, AI Overview, Related searches, Sites",60,0,0
"reseller panel for iptv",6,210,"I, N","Video, Copyright infringement, AI Overview, Related searches, Sites",51,0,0
"reseller panel",12,90,"I, N","People also ask, Images, Copyright infringement, Related searches",7,1.31,0.12
"reseller iptv panel",7,260,"I, N","Video, Copyright infringement, AI Overview, Related searches",51,0,0
"resell iptv",12,50,"I, N","Video, People also ask, Copyright infringement, AI Overview, Related searches",57,0,0
"panel provider",11,20,"I, N","Reviews, People also ask, Images, Copyright infringement, AI Overview, Related searches",6,0,0.26
iptvsale,7,70,"I, N","Reviews, Video, People also ask, Copyright infringement, AI Overview, Related searches",10,0,0
"iptv wholesale",5,20,"I, N","Reviews, Video, People also ask, Copyright infringement, AI Overview, Related searches",30,0,0
"iptv service reseller",13,10,"I, N","Video, People also ask, Copyright infringement, AI Overview, Related searches",38,0,0
"iptv server account",15,10,"I, N","Reviews, Video, People also ask, Copyright infringement, AI Overview, Related searches",8,0,0
"iptv sellers",14,40,"I, N","Reviews, Video, People also ask, Copyright infringement, AI Overview, Related searches",16,0,0
"iptv reseller uk",4,170,"I, N","Video, Copyright infringement, AI Overview, Related searches",28,0,0
"iptv reseller reddit",10,70,I,"AI Overview, Related searches",7,0,0
"iptv reseller program",13,10,"I, N","Video, People also ask, Copyright infringement",34,0,0
"iptv reseller packages",18,50,"I, N","People also ask, Copyright infringement, AI Overview, Related searches",15,0,0
"iptv reseller account",12,10,"I, N","Video, Copyright infringement, AI Overview, Related searches",34,0,0
"iptv reseller",12,590,"I, N","Video, Copyright infringement, AI Overview, Related searches",59,0,0
"iptv pay server",16,10,"I, N","Reviews, Video, People also ask, Copyright infringement, AI Overview, Related searches",6,0,0
"iptv panel",9,110,"I, N","People also ask, Images, Copyright infringement, Related searches",9,0,0
"iptv consultant",4,10,"I, N","Reviews, Video, People also ask, Copyright infringement, AI Overview, Related searches",6,0,0
"iptv business opportunities",11,10,"I, N","Video, People also ask, Copyright infringement, AI Overview, Related searches, Sites",11,0,0
"iptv business model",9,10,I,"Video, People also ask, AI Overview, Related searches, Sites",9,0,0
"iptv billing systems",6,10,"I, N","Reviews, Video, People also ask, Copyright infringement, AI Overview, Related searches",6,0,0
"iptv billing",4,10,"I, N","Video, People also ask, Copyright infringement, Related searches",7,0,0
"iptv admin",7,10,"I, N","Video, People also ask, Images, Copyright infringement, AI Overview, Related searches",7,0,0
"iptv account buy",5,20,"I, N","Reviews, Video, Copyright infringement, AI Overview, Related searches",12,0,0
"how to buy iptv server",13,10,"I, N","Video, People also ask, Copyright infringement, AI Overview, Related searches, Sites",15,0,0
"buy iptv server",11,10,"I, N","Reviews, Video, People also ask, Copyright infringement, AI Overview, Related searches",16,0,0
"best reseller iptv",13,50,"I, N","Video, People also ask, Copyright infringement, AI Overview, Related searches",35,0,0
"best iptv reseller",19,50,"I, N","People also ask, Copyright infringement, AI Overview, Related searches",10,0,0
"become iptv reseller",5,20,"I, N","Video, People also ask, Copyright infringement, AI Overview, Related searches, Sites",16,0,0
"admin iptv",6,10,"I, N","Video, People also ask, Images, Copyright infringement, AI Overview, Related searches",7,0,0
