file,line,term,context,classification,notes
AGENTS.md,5,anti-block,"- Do not publish evasion, anti-blocking, sideloading, Downloader-code or unofficial APK content.",VALID EDUCATIONAL CONTEXT,"Warning, disclaimer, policy or removal context; not a promotional claim."
AGENTS.md,5,sideloading,"- Do not publish evasion, anti-blocking, sideloading, Downloader-code or unofficial APK content.",VALID EDUCATIONAL CONTEXT,"Warning, disclaimer, policy or removal context; not a promotional claim."
AGENTS.md,5,unofficial APK,"- Do not publish evasion, anti-blocking, sideloading, Downloader-code or unofficial APK content.",VALID EDUCATIONAL CONTEXT,"Warning, disclaimer, policy or removal context; not a promotional claim."
__tests__/routes.test.ts,38,sideloading,"expect(pages[7]).toContain('does not use Developer Options, sideloading, Downloader codes');",VALID EDUCATIONAL CONTEXT,"Warning, disclaimer, policy or removal context; not a promotional claim."
__tests__/routes.test.ts,38,Downloader code,"expect(pages[7]).toContain('does not use Developer Options, sideloading, Downloader codes');",VALID EDUCATIONAL CONTEXT,"Warning, disclaimer, policy or removal context; not a promotional claim."
__tests__/routes.test.ts,42,zero buffering,"expect(combined).not.toMatch(/(?:99\.9%|20,000\+|100,000\+|zero buffering|anti-freeze|guaranteed income)/i);",VALID EDUCATIONAL CONTEXT,"Warning, disclaimer, policy or removal context; not a promotional claim."
__tests__/routes.test.ts,42,guaranteed income,"expect(combined).not.toMatch(/(?:99\.9%|20,000\+|100,000\+|zero buffering|anti-freeze|guaranteed income)/i);",VALID EDUCATIONAL CONTEXT,"Warning, disclaimer, policy or removal context; not a promotional claim."
dist/contact/index.html,1,every channel,"estion</h2><p>A concise, well-routed message is easier to act on than the same enquiry sent through every channel.</p></div><div class=""contact-routes""><article><span>01</span><div><h3>Reseller pricing</h3><p>Shar",FALSE POSITIVE,Review before publication.
dist/guides/fire-tv-setup/index.html,1,sideloading,"ficially supported player in the Amazon Appstore and set up authorised provider credentials without sideloading.""><link rel=""canonical"" href=""https://getiptvpanel.com/guides/fire-tv-setup""><link rel=""manifest"" h",VALID EDUCATIONAL CONTEXT,"Warning, disclaimer, policy or removal context; not a promotional claim."
dist/guides/fire-tv-setup/index.html,1,sideloading,"ficially supported player in the Amazon Appstore and set up authorised provider credentials without sideloading.""><meta property=""og:url"" content=""https://getiptvpanel.com/guides/fire-tv-setup""><meta property=""o",VALID EDUCATIONAL CONTEXT,"Warning, disclaimer, policy or removal context; not a promotional claim."
dist/guides/fire-tv-setup/index.html,1,sideloading,"ficially supported player in the Amazon Appstore and set up authorised provider credentials without sideloading.""><meta name=""twitter:image"" content=""https://getiptvpanel.com/og-card.png""><script type=""applicati",VALID EDUCATIONAL CONTEXT,"Warning, disclaimer, policy or removal context; not a promotional claim."
dist/guides/fire-tv-setup/index.html,1,sideloading,"ations listed for your device and region in the Amazon Appstore. It does not use Developer Options, sideloading, Downloader codes or installation packages from third-party websites.</p></div></section><section c",VALID EDUCATIONAL CONTEXT,"Warning, disclaimer, policy or removal context; not a promotional claim."
dist/guides/fire-tv-setup/index.html,1,Downloader code,"for your device and region in the Amazon Appstore. It does not use Developer Options, sideloading, Downloader codes or installation packages from third-party websites.</p></div></section><section class=""section sur",VALID EDUCATIONAL CONTEXT,"Warning, disclaimer, policy or removal context; not a promotional claim."
dist/guides/fire-tv-setup/index.html,1,sideloading,"tly unsupported. Ask the provider for a different officially supported device or player rather than sideloading.</div><div class=""card-grid card-grid-2 prose-actions""><a href=""https://wa.me/212782389820?text=Hel",VALID EDUCATIONAL CONTEXT,"Warning, disclaimer, policy or removal context; not a promotional claim."
dist/guides/index.html,1,Sideloading,"hero-copy""><p class=""eyebrow"">Official installation routes</p><h1>Set Up a Supported Player Without Sideloading</h1><p class=""hero-intro"">These guides explain player setup for credentials supplied by an authoris",VALID EDUCATIONAL CONTEXT,"Warning, disclaimer, policy or removal context; not a promotional claim."
dist/guides/index.html,1,Downloader code,"ing-notice section-action""><strong>Support boundary</strong> These guides do not provide APK files, Downloader codes, free playlists, protected content, ISP-block evasion or unauthorised provider credentials.</div><",VALID EDUCATIONAL CONTEXT,"Warning, disclaimer, policy or removal context; not a promotional claim."
dist/llms.txt,22,sideloading,"- No ISP-block evasion, sideloading, unofficial APK or protected-service logo guidance is published.",VALID EDUCATIONAL CONTEXT,"Warning, disclaimer, policy or removal context; not a promotional claim."
dist/llms.txt,22,unofficial APK,"- No ISP-block evasion, sideloading, unofficial APK or protected-service logo guidance is published.",VALID EDUCATIONAL CONTEXT,"Warning, disclaimer, policy or removal context; not a promotional claim."
docs/implementation-plan.md,24,anti-block,"- No French public copy, anti-blocking guidance, sideloading, protected-service logos, fake proof, invented pricing or unsupported righ",VALID EDUCATIONAL CONTEXT,"Warning, disclaimer, policy or removal context; not a promotional claim."
docs/implementation-plan.md,24,sideloading,"- No French public copy, anti-blocking guidance, sideloading, protected-service logos, fake proof, invented pricing or unsupported rights/performance/profit cla",VALID EDUCATIONAL CONTEXT,"Warning, disclaimer, policy or removal context; not a promotional claim."
docs/migration/old-url-inventory.csv,12,Anti-block,"""/eviter-coupures-iptv"",""Git route and sitemap"",""Historical 200"",""Anti-blocking/evasion-adjacent"",""Unsafe and no equivalent.""",VALID EDUCATIONAL CONTEXT,"Warning, disclaimer, policy or removal context; not a promotional claim."
docs/migration/redirect-map.csv,12,Anti-block,"""/eviter-coupures-iptv"",""Historical 200"",""fr"",""Anti-blocking and evasion-adjacent"",""No URL-level data supplied"",""No URL-level data supplied"","""",""410"",""Unsafe",VALID EDUCATIONAL CONTEXT,"Warning, disclaimer, policy or removal context; not a promotional claim."
docs/seo/keyword-map.csv,6,guaranteed profit,""",""Unknown"",""Unknown"",""Medium"",""Medium"",""Implemented"",""Reports an estimate from visitor inputs, not guaranteed profit.""",VALID EDUCATIONAL CONTEXT,"Warning, disclaimer, policy or removal context; not a promotional claim."
docs/seo/keyword-map.csv,13,sideloading,"missing"",""Unknown"",""Unknown"",""Unknown"",""Unknown"",""Low"",""High"",""Implemented"",""No Developer Options, sideloading or Downloader-code instructions.""",VALID EDUCATIONAL CONTEXT,"Warning, disclaimer, policy or removal context; not a promotional claim."
docs/seo/keyword-map.csv,14,bypass ISP,"""Evasion intent"",""bypass ISP"",""anti block; anti-block; unblock provider"",""Evasion"","""",""Embedded rejection rules"",""Unknown"",""Unkn",VALID EDUCATIONAL CONTEXT,"Warning, disclaimer, policy or removal context; not a promotional claim."
docs/seo/keyword-map.csv,14,anti block,"""Evasion intent"",""bypass ISP"",""anti block; anti-block; unblock provider"",""Evasion"","""",""Embedded rejection rules"",""Unknown"",""Unknown"",""Unknown",VALID EDUCATIONAL CONTEXT,"Warning, disclaimer, policy or removal context; not a promotional claim."
docs/seo/keyword-map.csv,14,anti-block,"""Evasion intent"",""bypass ISP"",""anti block; anti-block; unblock provider"",""Evasion"","""",""Embedded rejection rules"",""Unknown"",""Unknown"",""Unknown"",""Unknown"",",VALID EDUCATIONAL CONTEXT,"Warning, disclaimer, policy or removal context; not a promotional claim."
docs/seo/keyword-map.csv,14,unblock provider,"""Evasion intent"",""bypass ISP"",""anti block; anti-block; unblock provider"",""Evasion"","""",""Embedded rejection rules"",""Unknown"",""Unknown"",""Unknown"",""Unknown"",""None"",""Critical"",",VALID EDUCATIONAL CONTEXT,"Warning, disclaimer, policy or removal context; not a promotional claim."
docs/seo/keyword-map.csv,15,free M3U,"""Unauthorised acquisition"",""free M3U"",""Downloader code; sideload APK; unofficial APK"",""Unauthorised acquisition"","""",""Embedded rejection",VALID EDUCATIONAL CONTEXT,"Warning, disclaimer, policy or removal context; not a promotional claim."
docs/seo/keyword-map.csv,15,Downloader code,"""Unauthorised acquisition"",""free M3U"",""Downloader code; sideload APK; unofficial APK"",""Unauthorised acquisition"","""",""Embedded rejection rules"",""Unknown"",""",VALID EDUCATIONAL CONTEXT,"Warning, disclaimer, policy or removal context; not a promotional claim."
docs/seo/keyword-map.csv,15,sideload APK,"""Unauthorised acquisition"",""free M3U"",""Downloader code; sideload APK; unofficial APK"",""Unauthorised acquisition"","""",""Embedded rejection rules"",""Unknown"",""Unknown"",""Unkn",VALID EDUCATIONAL CONTEXT,"Warning, disclaimer, policy or removal context; not a promotional claim."
docs/seo/keyword-map.csv,15,unofficial APK,"""Unauthorised acquisition"",""free M3U"",""Downloader code; sideload APK; unofficial APK"",""Unauthorised acquisition"","""",""Embedded rejection rules"",""Unknown"",""Unknown"",""Unknown"",""Unknown"",""",VALID EDUCATIONAL CONTEXT,"Warning, disclaimer, policy or removal context; not a promotional claim."
docs/seo/keyword-map.csv,16,official Sky,"""Protected-service access"",""official Sky"",""official Premier League; broadcaster-branded subscription; every match"",""Unsupported rights"","""",""",FALSE POSITIVE,Review before publication.
docs/seo/keyword-map.csv,16,official Premier League,"""Protected-service access"",""official Sky"",""official Premier League; broadcaster-branded subscription; every match"",""Unsupported rights"","""",""Embedded rejection rules"",",VALID EDUCATIONAL CONTEXT,"Warning, disclaimer, policy or removal context; not a promotional claim."
docs/seo/keyword-map.csv,16,every match,"rotected-service access"",""official Sky"",""official Premier League; broadcaster-branded subscription; every match"",""Unsupported rights"","""",""Embedded rejection rules"",""Unknown"",""Unknown"",""Unknown"",""Unknown"",""None"",",VALID EDUCATIONAL CONTEXT,"Warning, disclaimer, policy or removal context; not a promotional claim."
docs/seo/on-page-map.csv,7,Sideloading,"al app-store installation routes and clear troubleshooting steps.,Set Up a Supported Player Without Sideloading,Choose the device and player you actually use; Start with a panel rate you can model.; Commercial;",VALID EDUCATIONAL CONTEXT,"Warning, disclaimer, policy or removal context; not a promotional claim."
docs/seo/on-page-map.csv,8,sideloading,"ficially supported player in the Amazon Appstore and set up authorised provider credentials without sideloading.,Set Up Fire TV Only When the Player Is Officially Available,On this page; Before you start; 1. Sea",VALID EDUCATIONAL CONTEXT,"Warning, disclaimer, policy or removal context; not a promotional claim."
docs/seo/url-inventory.csv,7,Sideloading,"rue,58,33,IPTV Player Setup Guides | Official Installation Routes,Set Up a Supported Player Without Sideloading,BreadcrumbList,KEEP,,Validated against static production output.",VALID EDUCATIONAL CONTEXT,"Warning, disclaimer, policy or removal context; not a promotional claim."
public/llms.txt,22,sideloading,"- No ISP-block evasion, sideloading, unofficial APK or protected-service logo guidance is published.",VALID EDUCATIONAL CONTEXT,"Warning, disclaimer, policy or removal context; not a promotional claim."
public/llms.txt,22,unofficial APK,"- No ISP-block evasion, sideloading, unofficial APK or protected-service logo guidance is published.",VALID EDUCATIONAL CONTEXT,"Warning, disclaimer, policy or removal context; not a promotional claim."
scripts/generate-compliance-report.mjs,7,bypass ISP,"'bypass ISP', 'anti block', 'anti-block', 'unblock provider', 'never buffers',",FALSE POSITIVE,Review before publication.
scripts/generate-compliance-report.mjs,7,anti block,"'bypass ISP', 'anti block', 'anti-block', 'unblock provider', 'never buffers',",FALSE POSITIVE,Review before publication.
scripts/generate-compliance-report.mjs,7,anti-block,"'bypass ISP', 'anti block', 'anti-block', 'unblock provider', 'never buffers',",FALSE POSITIVE,Review before publication.
scripts/generate-compliance-report.mjs,7,unblock provider,"'bypass ISP', 'anti block', 'anti-block', 'unblock provider', 'never buffers',",FALSE POSITIVE,Review before publication.
scripts/generate-compliance-report.mjs,7,never buffers,"'bypass ISP', 'anti block', 'anti-block', 'unblock provider', 'never buffers',",FALSE POSITIVE,Review before publication.
scripts/generate-compliance-report.mjs,8,zero buffering,"'zero buffering', '100% uptime', 'guaranteed uptime', 'guaranteed profit',",FALSE POSITIVE,Review before publication.
scripts/generate-compliance-report.mjs,8,100% uptime,"'zero buffering', '100% uptime', 'guaranteed uptime', 'guaranteed profit',",FALSE POSITIVE,Review before publication.
scripts/generate-compliance-report.mjs,8,guaranteed uptime,"'zero buffering', '100% uptime', 'guaranteed uptime', 'guaranteed profit',",FALSE POSITIVE,Review before publication.
scripts/generate-compliance-report.mjs,8,guaranteed profit,"'zero buffering', '100% uptime', 'guaranteed uptime', 'guaranteed profit',",FALSE POSITIVE,Review before publication.
scripts/generate-compliance-report.mjs,9,guaranteed income,"'guaranteed income', 'all channels', 'every channel', 'every match', 'all sports',",FALSE POSITIVE,Review before publication.
scripts/generate-compliance-report.mjs,9,all channels,"'guaranteed income', 'all channels', 'every channel', 'every match', 'all sports',",FALSE POSITIVE,Review before publication.
scripts/generate-compliance-report.mjs,9,every channel,"'guaranteed income', 'all channels', 'every channel', 'every match', 'all sports',",FALSE POSITIVE,Review before publication.
scripts/generate-compliance-report.mjs,9,every match,"'guaranteed income', 'all channels', 'every channel', 'every match', 'all sports',",FALSE POSITIVE,Review before publication.
scripts/generate-compliance-report.mjs,9,all sports,"'guaranteed income', 'all channels', 'every channel', 'every match', 'all sports',",FALSE POSITIVE,Review before publication.
scripts/generate-compliance-report.mjs,10,all PPV,"'all PPV', 'worldwide channels', 'unlimited profit', 'official Sky',",FALSE POSITIVE,Review before publication.
scripts/generate-compliance-report.mjs,10,worldwide channels,"'all PPV', 'worldwide channels', 'unlimited profit', 'official Sky',",FALSE POSITIVE,Review before publication.
scripts/generate-compliance-report.mjs,10,unlimited profit,"'all PPV', 'worldwide channels', 'unlimited profit', 'official Sky',",FALSE POSITIVE,Review before publication.
scripts/generate-compliance-report.mjs,10,official Sky,"'all PPV', 'worldwide channels', 'unlimited profit', 'official Sky',",FALSE POSITIVE,Review before publication.
scripts/generate-compliance-report.mjs,11,official Premier League,"'official Premier League', 'free M3U', 'Downloader code', 'sideload APK',",FALSE POSITIVE,Review before publication.
scripts/generate-compliance-report.mjs,11,free M3U,"'official Premier League', 'free M3U', 'Downloader code', 'sideload APK',",FALSE POSITIVE,Review before publication.
scripts/generate-compliance-report.mjs,11,Downloader code,"'official Premier League', 'free M3U', 'Downloader code', 'sideload APK',",FALSE POSITIVE,Review before publication.
scripts/generate-compliance-report.mjs,11,sideload APK,"'official Premier League', 'free M3U', 'Downloader code', 'sideload APK',",FALSE POSITIVE,Review before publication.
scripts/generate-compliance-report.mjs,12,sideloading,"'sideloading', 'unofficial APK',",FALSE POSITIVE,Review before publication.
scripts/generate-compliance-report.mjs,12,unofficial APK,"'sideloading', 'unofficial APK',",FALSE POSITIVE,Review before publication.
scripts/generate-compliance-report.mjs,38,every channel,const phraseFalsePositive = match[0].toLowerCase() === 'every channel';,FALSE POSITIVE,Review before publication.
src/config/pages.ts,65,sideloading,"ficially supported player in the Amazon Appstore and set up authorised provider credentials without sideloading.',",VALID EDUCATIONAL CONTEXT,"Warning, disclaimer, policy or removal context; not a promotional claim."
src/pages/contact.astro,23,every channel,"stion"" intro=""A concise, well-routed message is easier to act on than the same enquiry sent through every channel."" />",FALSE POSITIVE,Review before publication.
src/pages/guides/fire-tv-setup.astro,16,sideloading,"ations listed for your device and region in the Amazon Appstore. It does not use Developer Options, sideloading, Downloader codes or installation packages from third-party websites."" />",VALID EDUCATIONAL CONTEXT,"Warning, disclaimer, policy or removal context; not a promotional claim."
src/pages/guides/fire-tv-setup.astro,16,Downloader code,"for your device and region in the Amazon Appstore. It does not use Developer Options, sideloading, Downloader codes or installation packages from third-party websites."" />",VALID EDUCATIONAL CONTEXT,"Warning, disclaimer, policy or removal context; not a promotional claim."
src/pages/guides/fire-tv-setup.astro,25,sideloading,tly unsupported. Ask the provider for a different officially supported device or player rather than sideloading.</div>,VALID EDUCATIONAL CONTEXT,"Warning, disclaimer, policy or removal context; not a promotional claim."
src/pages/guides/index.astro,23,Sideloading,"title=""Set Up a Supported Player Without Sideloading""",VALID EDUCATIONAL CONTEXT,"Warning, disclaimer, policy or removal context; not a promotional claim."
src/pages/guides/index.astro,37,Downloader code,"ing-notice section-action""><strong>Support boundary</strong> These guides do not provide APK files, Downloader codes, free playlists, protected content, ISP-block evasion or unauthorised provider credentials.</div>",VALID EDUCATIONAL CONTEXT,"Warning, disclaimer, policy or removal context; not a promotional claim."
