url,primary_intent,primary_keyword,title,meta_description,h1,secondary_headings,canonical,robots,schema,primary_cta,secondary_cta,internal_link_sources,content_owner,review_status
/,Main UK B2B reseller proposition,iptv reseller uk,"IPTV Reseller UK | Panel, Packages and Onboarding","Plan a UK IPTV or OTT reseller operation with a central account-management panel, transparent package enquiries and guided onboarding.",Start and Manage Your Reseller Business from One Panel,"What could your gross profit look like?; Start with the operating model, not a sales promise; One operating view for the account work; Three rates. Seven panel options. No hidden arithmetic.; Model your own reseller operating costs; Know what happens after you apply; Questions to settle before commitment; Put your expected volume against a real rate; Start with a panel rate you can model.; Commercial; Company; Legal",https://getiptvpanel.com/,"index, follow",Organization; WebSite,Request reseller pricing,What could your gross profit look like?,54 rendered links,Owner confirmation required for commercial facts,Technical pre-launch review complete
/about,Publication scope and enquiry process,,About GetIPTVPanel | UK-First Reseller Enquiries,"Learn how GetIPTVPanel publishes reseller-panel prices, planning tools and WhatsApp application routes.",A UK-First Route to Reseller-Panel Enquiries,What the website publishes; How enquiries are handled; Start with a panel rate you can model.; Commercial; Company; Legal,https://getiptvpanel.com/about,"index, follow",BreadcrumbList,Start reseller enquiry,What the website publishes,18 rendered links,Owner confirmation required for commercial facts,Technical pre-launch review complete
/acceptable-use,Prohibited and responsible use,,Acceptable Use Policy | GetIPTVPanel,"Prohibited uses of GetIPTVPanel enquiries, account-management services and support channels.",Acceptable Use Policy,Prohibited activity; Reseller responsibility; Response to misuse; Start with a panel rate you can model.; Commercial; Company; Legal,https://getiptvpanel.com/acceptable-use,"index, follow",BreadcrumbList,Understand acceptable use,Prohibited activity,18 rendered links,Owner confirmation required for commercial facts,Technical pre-launch review complete
/become-a-reseller,Business-starting guide and reseller application,become iptv reseller,Become an IPTV Reseller | UK Business Checklist,"Use a practical UK reseller checklist, plan support and operating costs, then submit a qualified application for panel access.",Build a Reseller Operation You Can Explain and Support,Move from idea to a qualified application; Prepare the information that changes the recommendation; Apply through WhatsApp; Start with a panel rate you can model.; Commercial; Company; Legal,https://getiptvpanel.com/become-a-reseller,"index, follow",BreadcrumbList,Prepare reseller enquiry,Move from idea to a qualified application,54 rendered links,Owner confirmation required for commercial facts,Technical pre-launch review complete
/contact,Route reseller and support enquiries,,Contact GetIPTVPanel | Reseller and Support Enquiries,"Contact GetIPTVPanel through WhatsApp about reseller pricing, panel workflows, an existing account or setup support.",Contact the Right Team with the Right Context,Choose the route that matches your question; Request panel access or package terms; Start with a panel rate you can model.; Commercial; Company; Legal,https://getiptvpanel.com/contact,"index, follow",BreadcrumbList,Open qualified enquiry,Choose the route that matches your question,20 rendered links,Owner confirmation required for commercial facts,Technical pre-launch review complete
/guides,Official-store player setup hub,iptv player setup,IPTV Player Setup Guides | Official Installation Routes,Set up authorised provider credentials in supported player apps using official app-store installation routes and clear troubleshooting steps.,Set Up a Supported Player Without Sideloading,Choose the device and player you actually use; Start with a panel rate you can model.; Commercial; Company; Legal,https://getiptvpanel.com/guides,"index, follow",BreadcrumbList,Open a guide,Choose the device and player you actually use,58 rendered links,Owner confirmation required for commercial facts,Technical pre-launch review complete
/guides/fire-tv-setup,Fire TV official-store setup boundary,iptv fire tv setup,Fire TV IPTV Player Setup | Officially Supported Apps,Check for an officially supported player in the Amazon Appstore and set up authorised provider credentials without sideloading.,Set Up Fire TV Only When the Player Is Officially Available,On this page; Before you start; 1. Search the Amazon Appstore; 2. Add provider credentials; Troubleshooting; When the device is unsupported; Related guides; Start with a panel rate you can model.; Commercial; Company; Legal,https://getiptvpanel.com/guides/fire-tv-setup,"index, follow",BreadcrumbList; Article,Get setup support,On this page,5 rendered links,Owner confirmation required for commercial facts,Technical pre-launch review complete
/guides/iptv-smarters-setup,IPTV Smarters official-store setup,iptv smarters setup,IPTV Smarters Setup Guide | Authorised Credentials,"Understand the player/provider distinction, use an official app-store version and troubleshoot authorised IPTV Smarters credentials.",Set Up IPTV Smarters with an Official Store Version,On this page; A player is not a content provider; 1. Install through the device's official store; 2. Add authorised credentials; Common login issues; Support boundary; Related guides; Start with a panel rate you can model.; Commercial; Company; Legal,https://getiptvpanel.com/guides/iptv-smarters-setup,"index, follow",BreadcrumbList; Article,Get setup support,On this page,5 rendered links,Owner confirmation required for commercial facts,Technical pre-launch review complete
/guides/tivimate-setup,TiviMate official-store setup,tivimate setup,TiviMate Setup Guide | Android TV and Google TV,"Install TiviMate from an official store where available, add authorised provider credentials, organise favourites and resolve common setup errors.",Set Up TiviMate from the Official Google Play Listing,On this page; Before you start; 1. Install from Google Play; 2. Add authorised provider credentials; 3. Check EPG and favourites; Common setup errors; When to contact support; Related guides; Start with a panel rate you can model.; Commercial; Company; Legal,https://getiptvpanel.com/guides/tivimate-setup,"index, follow",BreadcrumbList; Article,Get setup support,On this page,5 rendered links,Owner confirmation required for commercial facts,Technical pre-launch review complete
/how-to-choose-an-iptv-service,Evidence-led IPTV service selection,how to choose an iptv service,How to Choose an IPTV Service in the UK,"Compare UK IPTV or OTT services by distribution rights, territory, devices, billing, refunds, support and service evidence.","Choose an IPTV Service by Evidence, Not Superlatives",What to verify before paying; Pause when the evidence and the promise do not match; There is no objective “best” service for every buyer; Start with a panel rate you can model.; Commercial; Company; Legal,https://getiptvpanel.com/how-to-choose-an-iptv-service,"index, follow",BreadcrumbList,Use selection checklist,What to verify before paying,1 rendered links,Owner confirmation required for commercial facts,Technical pre-launch review complete
/individual-subscription,Explain that individual sales are unavailable,,GetIPTVPanel Service Scope | Reseller Panels,GetIPTVPanel is focused on reseller panels with published per-credit prices and a 10-credit minimum order.,GetIPTVPanel Is Focused on Reseller Panels,Reseller pricing without added panel fees; Compare the panels and choose an order size; Start with a panel rate you can model.; Commercial; Company; Legal,https://getiptvpanel.com/individual-subscription,"noindex, follow",None,Move to reseller enquiry,Reseller pricing without added panel fees,0 rendered links,Owner confirmation required for commercial facts,Technical pre-launch review complete
/is-iptv-legal-in-the-uk,Official-source UK rights overview pending legal review,is iptv legal uk,"Is IPTV Legal in the UK? Technology, Rights and Risk","Understand the difference between lawful IPTV technology and unauthorised redistribution, using UK Government and IPO guidance.",IPTV Technology Can Be Lawful. Unauthorised Redistribution Is Not.,On this page; The short answer; Rights and permission matter; Signs of elevated legal and commercial risk; Practical checks for a buyer or reseller; Official UK sources; Start with a panel rate you can model.; Commercial; Company; Legal,https://getiptvpanel.com/is-iptv-legal-in-the-uk,"noindex, follow",None,Use rights checklist,On this page,19 rendered links,Owner confirmation required for commercial facts,Technical source review complete; qualified legal review required
/privacy-policy,Website and WhatsApp privacy disclosure,,Privacy Policy | GetIPTVPanel,"How GetIPTVPanel handles website analytics consent, reseller enquiry data and privacy requests.",Privacy Policy,Who handles the enquiry; Information entered into the application builder; WhatsApp; Analytics; Your choices; Start with a panel rate you can model.; Commercial; Company; Legal,https://getiptvpanel.com/privacy-policy,"index, follow",BreadcrumbList,Ask privacy question,Who handles the enquiry,20 rendered links,Owner confirmation required for commercial facts,Technical pre-launch review complete
/profit-calculator,GBP reseller operating estimate,iptv reseller profit calculator,IPTV Reseller Profit Calculator | GBP Cost Estimate,"Estimate reseller revenue and optionally enter your own payment, refund, support and operating costs in GBP.",Model Revenue and Your Own Operating Costs,Operating contribution: £480.00; Know what each result includes; Start with a panel rate you can model.; Commercial; Company; Legal,https://getiptvpanel.com/profit-calculator,"index, follow",BreadcrumbList,Complete estimate,Operating contribution: £480.00,23 rendered links,Owner confirmation required for commercial facts,Technical pre-launch review complete
/refund-policy,No-checkout and refund disclosure,,Refund Policy | GetIPTVPanel,How website payments and reseller order review work when pricing conversations continue through WhatsApp.,Refund Policy,No website checkout; Review the order before paying; Mandatory rights; Start with a panel rate you can model.; Commercial; Company; Legal,https://getiptvpanel.com/refund-policy,"index, follow",BreadcrumbList,Review before payment,No website checkout,18 rendered links,Owner confirmation required for commercial facts,Technical pre-launch review complete
/reseller-packages,"Packages, credit definitions and reseller pricing",iptv reseller packages,IPTV Reseller Packages UK | Request Clear Pricing,"Compare seven reseller panels at £12, £18 or £24 per credit, with a 10-credit minimum and no tax or added panel fees.",Compare Reseller Credit Rates and Request Complete Terms,Owner-confirmed panel prices; The arithmetic is fixed until the quote changes it; Every displayed price follows the same rules; Test the unit economics with your actual quote; Tell us the scale you are planning; Start with a panel rate you can model.; Commercial; Company; Legal,https://getiptvpanel.com/reseller-packages,"index, follow",BreadcrumbList,Request pricing,Owner-confirmed panel prices,57 rendered links,Owner confirmation required for commercial facts,Technical pre-launch review complete
/reseller-panel,Panel functionality and management workflow,iptv reseller panel,"IPTV Reseller Panel | Controls, Credits and Workflow","See a practical reseller workflow for customer references, credit records and support hand-offs alongside the published panel prices.",Understand the Panel Before You Buy Credits,Reseller operations; Keep the operating workflow organised; A safer account lifecycle; Use secure access and customer-data practices; Compare the panel scope with the commercial terms; Start with a panel rate you can model.; Commercial; Company; Legal,https://getiptvpanel.com/reseller-panel,"index, follow",BreadcrumbList,Request panel terms,Reseller operations,59 rendered links,Owner confirmation required for commercial facts,Technical pre-launch review complete
/support,Prepare a safe support request,,GetIPTVPanel Support | Account and Setup Help,"Prepare the details support needs for account, renewal, player setup or reseller-panel enquiries without sharing passwords.",Give Support the Context Needed to Diagnose the Problem,Five details that make a support message useful; Use the supported setup route first; Continue through WhatsApp; Start with a panel rate you can model.; Commercial; Company; Legal,https://getiptvpanel.com/support,"index, follow",BreadcrumbList,Open WhatsApp support,Five details that make a support message useful,55 rendered links,Owner confirmation required for commercial facts,Technical pre-launch review complete
/terms,Public website terms,,Website Terms | GetIPTVPanel,Terms for using the GetIPTVPanel website and its reseller planning information.,Website Terms,"Published panel prices; Information, not a commercial guarantee; Permitted website use; Rights and lawful supply; External services; Start with a panel rate you can model.; Commercial; Company; Legal",https://getiptvpanel.com/terms,"index, follow",BreadcrumbList,Review website terms,Published panel prices,18 rendered links,Owner confirmation required for commercial facts,Technical pre-launch review complete
